Réf.,Libellé,Produit,Description,Quantité,Id de ligne,Produit,Nomenclature BOM,Description,Quantité,Poste de travail par défaut,Unité
BOM2310-0004,Kit Quincaillerie pour 1 porte 14U 16U 22U,1926,,1.00000000,6,1628,,,1.00000000,,
BOM2310-0004,Kit Quincaillerie pour 1 porte 14U 16U 22U,1926,,1.00000000,7,1638,,,2.00000000,,
BOM2310-0004,Kit Quincaillerie pour 1 porte 14U 16U 22U,1926,,1.00000000,8,1639,,,2.00000000,,
BOM2310-0004,Kit Quincaillerie pour 1 porte 14U 16U 22U,1926,,1.00000000,9,1797,,,2.00000000,,
BOM2310-0004,Kit Quincaillerie pour 1 porte 14U 16U 22U,1926,,1.00000000,10,5323,,,1.00000000,,
BOM2310-0004,Kit Quincaillerie pour 1 porte 14U 16U 22U,1926,,1.00000000,297,5372,,,0.06000000,,32
BOM2310-0004,Kit Quincaillerie pour 1 porte 14U 16U 22U,1926,,1.00000000,373,5553,,,1.00000000,,
BOM2310-0004,Kit Quincaillerie pour 1 porte 14U 16U 22U,1926,,1.00000000,374,6207,,,1.00000000,,
BOM2310-0005,Kit Quincaillerie pour Fixation Meuble,5648,,1.00000000,298,5372,,,0.05000000,,32
BOM2310-0005,Kit Quincaillerie pour Fixation Meuble,5648,,1.00000000,862,5631,,,12.00000000,0,28
BOM2310-0005,Kit Quincaillerie pour Fixation Meuble,5648,,1.00000000,863,1818,,,6.00000000,0,28
BOM2310-0005,Kit Quincaillerie pour Fixation Meuble,5648,,1.00000000,864,6217,,,2.00000000,0,28
BOM2310-0005,Kit Quincaillerie pour Fixation Meuble,5648,,1.00000000,865,5554,,,1.00000000,0,
BOM2310-0005,Kit Quincaillerie pour Fixation Meuble,5648,,1.00000000,2282,1998,,,1.00000000,0,
BOM2310-0007,Kit Tiroir Longueur 270 Hauteur 3U,1980,,1.00000000,20,1940,,,1.00000000,,
BOM2310-0007,Kit Tiroir Longueur 270 Hauteur 3U,1980,,1.00000000,21,1943,,,1.00000000,,
BOM2310-0007,Kit Tiroir Longueur 270 Hauteur 3U,1980,,1.00000000,22,1946,,,1.00000000,,
BOM2310-0007,Kit Tiroir Longueur 270 Hauteur 3U,1980,,1.00000000,23,1949,,,1.00000000,,
BOM2310-0007,Kit Tiroir Longueur 270 Hauteur 3U,1980,,1.00000000,24,1990,,,1.00000000,,
BOM2310-0007,Kit Tiroir Longueur 270 Hauteur 3U,1980,,1.00000000,212,4972,,,4.00000000,,
BOM2310-0007,Kit Tiroir Longueur 270 Hauteur 3U,1980,,1.00000000,587,5372,,,0.07500000,,32
BOM2310-0006,Kit Quincaillerie pour 1 Tiroir,1924,,1.00000000,25,1626,,,1.00000000,,
BOM2310-0006,Kit Quincaillerie pour 1 Tiroir,1924,,1.00000000,26,1627,,,1.00000000,,
BOM2310-0006,Kit Quincaillerie pour 1 Tiroir,1924,,1.00000000,27,1629,,,4.00000000,,
BOM2310-0006,Kit Quincaillerie pour 1 Tiroir,1924,,1.00000000,29,5324,,,4.00000000,,
BOM2310-0006,Kit Quincaillerie pour 1 Tiroir,1924,,1.00000000,299,5372,,,0.05000000,,32
BOM2310-0006,Kit Quincaillerie pour 1 Tiroir,1924,,1.00000000,376,5554,,,1.00000000,,
BOM2310-0006,Kit Quincaillerie pour 1 Tiroir,1924,,1.00000000,377,5553,,,1.00000000,,
BOM2310-0008,Kit Tiroir Longueur 270 Hauteur 6U,1981,,1.00000000,32,1940,,,1.00000000,,
BOM2310-0008,Kit Tiroir Longueur 270 Hauteur 6U,1981,,1.00000000,33,1944,,,1.00000000,,
BOM2310-0008,Kit Tiroir Longueur 270 Hauteur 6U,1981,,1.00000000,34,1947,,,1.00000000,,
BOM2310-0008,Kit Tiroir Longueur 270 Hauteur 6U,1981,,1.00000000,35,1950,,,1.00000000,,
BOM2310-0008,Kit Tiroir Longueur 270 Hauteur 6U,1981,,1.00000000,37,1990,,,1.00000000,,
BOM2310-0008,Kit Tiroir Longueur 270 Hauteur 6U,1981,,1.00000000,213,4972,,,4.00000000,,
BOM2310-0008,Kit Tiroir Longueur 270 Hauteur 6U,1981,,1.00000000,588,5372,,,0.08330000,0,32
BOM2310-0009,Kit Tiroir Longueur 300 Hauteur 3U,1994,,1.00000000,39,1941,,,1.00000000,,
BOM2310-0009,Kit Tiroir Longueur 300 Hauteur 3U,1994,,1.00000000,40,1943,,,1.00000000,,
BOM2310-0009,Kit Tiroir Longueur 300 Hauteur 3U,1994,,1.00000000,41,1952,,,1.00000000,,
BOM2310-0009,Kit Tiroir Longueur 300 Hauteur 3U,1994,,1.00000000,42,1955,,,1.00000000,,
BOM2310-0009,Kit Tiroir Longueur 300 Hauteur 3U,1994,,1.00000000,44,1991,,,1.00000000,,
BOM2310-0009,Kit Tiroir Longueur 300 Hauteur 3U,1994,,1.00000000,214,4972,,,4.00000000,,
BOM2310-0009,Kit Tiroir Longueur 300 Hauteur 3U,1994,,1.00000000,589,5372,,,0.08330000,6,32
BOM2310-0010,Kit Tiroir Longueur 300 Hauteur 6U,1997,,1.00000000,47,1941,,,1.00000000,,
BOM2310-0010,Kit Tiroir Longueur 300 Hauteur 6U,1997,,1.00000000,48,1944,,,1.00000000,,
BOM2310-0010,Kit Tiroir Longueur 300 Hauteur 6U,1997,,1.00000000,49,1953,,,1.00000000,,
BOM2310-0010,Kit Tiroir Longueur 300 Hauteur 6U,1997,,1.00000000,50,1956,,,1.00000000,,
BOM2310-0010,Kit Tiroir Longueur 300 Hauteur 6U,1997,,1.00000000,52,1991,,,1.00000000,,
BOM2310-0010,Kit Tiroir Longueur 300 Hauteur 6U,1997,,1.00000000,215,4972,,,4.00000000,,
BOM2310-0010,Kit Tiroir Longueur 300 Hauteur 6U,1997,,1.00000000,590,5372,,,0.08330000,5,32
BOM2310-0011,Kit Tiroir Longueur 350 Hauteur 3U,2004,,1.00000000,53,1625,,,1.00000000,,
BOM2310-0011,Kit Tiroir Longueur 350 Hauteur 3U,2004,,1.00000000,55,1942,,,1.00000000,,
BOM2310-0011,Kit Tiroir Longueur 350 Hauteur 3U,2004,,1.00000000,56,1943,,,1.00000000,,
BOM2310-0011,Kit Tiroir Longueur 350 Hauteur 3U,2004,,1.00000000,57,1958,,,1.00000000,,
BOM2310-0011,Kit Tiroir Longueur 350 Hauteur 3U,2004,,1.00000000,58,1961,,,1.00000000,,
BOM2310-0011,Kit Tiroir Longueur 350 Hauteur 3U,2004,,1.00000000,216,4972,,,4.00000000,,
BOM2310-0011,Kit Tiroir Longueur 350 Hauteur 3U,2004,,1.00000000,591,5372,,,0.08330000,0,32
BOM2310-0012,Kit Tiroir Longueur 350 Hauteur 6U,2005,,1.00000000,60,1625,,,1.00000000,,
BOM2310-0012,Kit Tiroir Longueur 350 Hauteur 6U,2005,,1.00000000,62,1942,,,1.00000000,,
BOM2310-0012,Kit Tiroir Longueur 350 Hauteur 6U,2005,,1.00000000,63,1944,,,1.00000000,,
BOM2310-0012,Kit Tiroir Longueur 350 Hauteur 6U,2005,,1.00000000,64,1959,,,1.00000000,,
BOM2310-0012,Kit Tiroir Longueur 350 Hauteur 6U,2005,,1.00000000,65,1962,,,1.00000000,,
BOM2310-0012,Kit Tiroir Longueur 350 Hauteur 6U,2005,,1.00000000,217,4972,,,4.00000000,,
BOM2310-0012,Kit Tiroir Longueur 350 Hauteur 6U,2005,,1.00000000,592,5372,,,0.08330000,0,32
BOM2310-0016,Kit Quincaillerie 1 Coulissant,2015,,1.00000000,72,1797,,,6.00000000,,
BOM2310-0016,Kit Quincaillerie 1 Coulissant,2015,,1.00000000,303,5372,,,0.03000000,,32
BOM2310-0016,Kit Quincaillerie 1 Coulissant,2015,,1.00000000,384,5553,,,1.00000000,,
BOM2310-0020,Kit Quincaillerie Plan de Travail,5182,,1.00000000,84,1788,,,12.00000000,,
BOM2310-0020,Kit Quincaillerie Plan de Travail,5182,,1.00000000,85,4930,,,6.00000000,,
BOM2310-0020,Kit Quincaillerie Plan de Travail,5182,,1.00000000,306,5372,,,0.04000000,,32
BOM2310-0020,Kit Quincaillerie Plan de Travail,5182,,1.00000000,388,5554,,,1.00000000,,
BOM2310-0020,Kit Quincaillerie Plan de Travail,5182,,1.00000000,389,5553,,,1.00000000,,
BOM2310-0021,Kit Quincaillerie Imposte Frigo,5222,,1.00000000,86,1797,,,8.00000000,,
BOM2310-0021,Kit Quincaillerie Imposte Frigo,5222,,1.00000000,87,1904,,,4.00000000,,
BOM2310-0021,Kit Quincaillerie Imposte Frigo,5222,,1.00000000,88,5074,,,8.00000000,,
BOM2310-0021,Kit Quincaillerie Imposte Frigo,5222,,1.00000000,308,5372,,,0.05000000,,32
BOM2310-0021,Kit Quincaillerie Imposte Frigo,5222,,1.00000000,390,5553,,,1.00000000,,
BOM2310-0021,Kit Quincaillerie Imposte Frigo,5222,,1.00000000,391,5554,,,1.00000000,,
BOM2310-0022,Kit Quincaillerie pour table SLG,5650,,1.00000000,91,1788,,,8.00000000,,
BOM2310-0022,Kit Quincaillerie pour table SLG,5650,,1.00000000,92,5074,,,7.00000000,,
BOM2310-0022,Kit Quincaillerie pour table SLG,5650,,1.00000000,93,5315,,,4.00000000,,
BOM2310-0022,Kit Quincaillerie pour table SLG,5650,,1.00000000,309,5372,,,0.05000000,,32
BOM2310-0022,Kit Quincaillerie pour table SLG,5650,,1.00000000,797,5554,,,1.00000000,0,
BOM2310-0022,Kit Quincaillerie pour table SLG,5650,,1.00000000,798,7931,,,1.00000000,0,28
BOM2310-0024,Kit Quincaillerie Fond de meuble SLT,5684,,1.00000000,97,5315,,,16.00000000,,
BOM2310-0024,Kit Quincaillerie Fond de meuble SLT,5684,,1.00000000,311,5372,,,0.03000000,,32
BOM2310-0024,Kit Quincaillerie Fond de meuble SLT,5684,,1.00000000,395,5553,,,1.00000000,,
BOM2310-0025,Kit Quincaillerie pour Porte 36U,5132,,1.00000000,98,1628,,,2.00000000,,
BOM2310-0025,Kit Quincaillerie pour Porte 36U,5132,,1.00000000,99,1638,,,2.00000000,,
BOM2310-0025,Kit Quincaillerie pour Porte 36U,5132,,1.00000000,100,1639,,,2.00000000,,
BOM2310-0025,Kit Quincaillerie pour Porte 36U,5132,,1.00000000,101,1797,,,4.00000000,,
BOM2310-0025,Kit Quincaillerie pour Porte 36U,5132,,1.00000000,102,5323,,,2.00000000,,
BOM2310-0025,Kit Quincaillerie pour Porte 36U,5132,,1.00000000,312,5372,,,0.06000000,,32
BOM2310-0025,Kit Quincaillerie pour Porte 36U,5132,,1.00000000,396,5553,,,1.00000000,,
BOM2310-0025,Kit Quincaillerie pour Porte 36U,5132,,1.00000000,397,6207,,,1.00000000,,
BOM2310-0026,Kit Quincaillerie pour Table UAV,5653,,1.00000000,103,1629,,,12.00000000,,
BOM2310-0026,Kit Quincaillerie pour Table UAV,5653,,1.00000000,313,5372,,,0.03000000,,32
BOM2310-0027,Kit Quincaillerie Table pour Lit Peigne,5655,,1.00000000,107,1629,,,12.00000000,,
BOM2310-0027,Kit Quincaillerie Table pour Lit Peigne,5655,,1.00000000,110,5074,,,5.00000000,,
BOM2310-0027,Kit Quincaillerie Table pour Lit Peigne,5655,,1.00000000,314,5372,,,0.04000000,,32
BOM2310-0031,Kit Quincaillerie pour Coffre SCA,5670,,1.00000000,123,1639,,,10.00000000,,
BOM2310-0031,Kit Quincaillerie pour Coffre SCA,5670,,1.00000000,124,1649,,,10.00000000,,
BOM2310-0031,Kit Quincaillerie pour Coffre SCA,5670,,1.00000000,318,5372,,,0.04000000,,32
BOM2310-0031,Kit Quincaillerie pour Coffre SCA,5670,,1.00000000,403,6207,,,1.00000000,,
BOM2310-0032,Kit Quincaillerie pour Table SCA,5669,,1.00000000,125,1629,,,24.00000000,,
BOM2310-0032,Kit Quincaillerie pour Table SCA,5669,,1.00000000,126,1789,,,1.00000000,,
BOM2310-0032,Kit Quincaillerie pour Table SCA,5669,,1.00000000,127,1790,,,1.00000000,,
BOM2310-0032,Kit Quincaillerie pour Table SCA,5669,,1.00000000,319,5372,,,0.06000000,,32
BOM2310-0032,Kit Quincaillerie pour Table SCA,5669,,1.00000000,404,5553,,,1.00000000,,
BOM2310-0033,Kit Quincaillerie fixation SCA,5668,,1.00000000,133,5315,,,14.00000000,,
BOM2310-0033,Kit Quincaillerie fixation SCA,5668,,1.00000000,320,5372,,,0.05000000,0,32
BOM2310-0033,Kit Quincaillerie fixation SCA,5668,,1.00000000,851,1790,,,8.00000000,0,
BOM2310-0033,Kit Quincaillerie fixation SCA,5668,,1.00000000,852,1789,,,8.00000000,0,
BOM2310-0033,Kit Quincaillerie fixation SCA,5668,,1.00000000,853,6999,,,1.00000000,0,
BOM2310-0033,Kit Quincaillerie fixation SCA,5668,,1.00000000,854,7002,,,1.00000000,0,
BOM2310-0033,Kit Quincaillerie fixation SCA,5668,,1.00000000,855,5554,,,1.00000000,0,
BOM2310-0034,Kit quincaillerie pour meuble cabine approfondie,5672,,1.00000000,682,5670,33,,1.00000000,0,
BOM2310-0034,Kit quincaillerie pour meuble cabine approfondie,5672,,1.00000000,683,5669,34,,1.00000000,0,
BOM2310-0034,Kit quincaillerie pour meuble cabine approfondie,5672,,1.00000000,684,5668,35,,1.00000000,0,
BOM2310-0035,Kit Quincaillerie pour Tiroir SCA,5671,,1.00000000,137,1629,,,24.00000000,,
BOM2310-0035,Kit Quincaillerie pour Tiroir SCA,5671,,1.00000000,257,5315,,,12.00000000,,
BOM2310-0035,Kit Quincaillerie pour Tiroir SCA,5671,,1.00000000,321,5372,,,0.07000000,,32
BOM2310-0035,Kit Quincaillerie pour Tiroir SCA,5671,,1.00000000,407,5553,,,1.00000000,,
BOM2310-0036,Kit Quincaillerie pour Pattes de Dossier Banquette,5673,,1.00000000,139,1629,,,4.00000000,,
BOM2310-0036,Kit Quincaillerie pour Pattes de Dossier Banquette,5673,,1.00000000,140,1640,,,2.00000000,,
BOM2310-0036,Kit Quincaillerie pour Pattes de Dossier Banquette,5673,,1.00000000,141,1782,,,4.00000000,,
BOM2310-0036,Kit Quincaillerie pour Pattes de Dossier Banquette,5673,,1.00000000,142,1783,,,12.00000000,,
BOM2310-0036,Kit Quincaillerie pour Pattes de Dossier Banquette,5673,,1.00000000,143,1784,,,4.00000000,,
BOM2310-0036,Kit Quincaillerie pour Pattes de Dossier Banquette,5673,,1.00000000,144,1785,,,4.00000000,,
BOM2310-0036,Kit Quincaillerie pour Pattes de Dossier Banquette,5673,,1.00000000,145,1985,,,2.00000000,,
BOM2310-0036,Kit Quincaillerie pour Pattes de Dossier Banquette,5673,,1.00000000,322,5372,,,0.10000000,,32
BOM2310-0036,Kit Quincaillerie pour Pattes de Dossier Banquette,5673,,1.00000000,425,5373,,,0.10000000,,32
BOM2310-0037,Kit Quincaillerie pour Tiroir Banquette,5736,,1.00000000,146,1629,,,24.00000000,,
BOM2310-0037,Kit Quincaillerie pour Tiroir Banquette,5736,,1.00000000,260,1797,,,18.00000000,,
BOM2310-0037,Kit Quincaillerie pour Tiroir Banquette,5736,,1.00000000,323,5372,,,0.08000000,,32
BOM2310-0037,Kit Quincaillerie pour Tiroir Banquette,5736,,1.00000000,408,5553,,,1.00000000,,
BOM2310-0038,Kit Quincaillerie pour Banquette 120 Standard,5674,,1.00000000,149,1789,,,4.00000000,,
BOM2310-0038,Kit Quincaillerie pour Banquette 120 Standard,5674,,1.00000000,150,1790,,,4.00000000,,
BOM2310-0038,Kit Quincaillerie pour Banquette 120 Standard,5674,,1.00000000,151,2003,,,5.00000000,,
BOM2310-0038,Kit Quincaillerie pour Banquette 120 Standard,5674,,1.00000000,152,5150,,,1.08000000,,7
BOM2310-0038,Kit Quincaillerie pour Banquette 120 Standard,5674,,1.00000000,153,5316,,,2.00000000,,
BOM2310-0038,Kit Quincaillerie pour Banquette 120 Standard,5674,,1.00000000,155,5631,,,10.00000000,,
BOM2310-0038,Kit Quincaillerie pour Banquette 120 Standard,5674,,1.00000000,201,5372,,,0.18000000,0,32
BOM2310-0038,Kit Quincaillerie pour Banquette 120 Standard,5674,,1.00000000,263,5150,,,0.90000000,,7
BOM2310-0038,Kit Quincaillerie pour Banquette 120 Standard,5674,,1.00000000,264,7002,,,1.00000000,,
BOM2310-0038,Kit Quincaillerie pour Banquette 120 Standard,5674,,1.00000000,266,6999,,,1.00000000,,
BOM2310-0038,Kit Quincaillerie pour Banquette 120 Standard,5674,,1.00000000,267,5485,,,23.00000000,,
BOM2310-0038,Kit Quincaillerie pour Banquette 120 Standard,5674,,1.00000000,268,6667,,,1.00000000,,
BOM2310-0038,Kit Quincaillerie pour Banquette 120 Standard,5674,,1.00000000,409,5553,,,1.00000000,,
BOM2310-0038,Kit Quincaillerie pour Banquette 120 Standard,5674,,1.00000000,410,5554,,,1.00000000,,
BOM2310-0038,Kit Quincaillerie pour Banquette 120 Standard,5674,,1.00000000,458,7887,64,,1.00000000,,28
BOM2310-0039,Kit Quincaillerie pour Banquette 140 Standard,5675,,1.00000000,157,1789,,,4.00000000,,
BOM2310-0039,Kit Quincaillerie pour Banquette 140 Standard,5675,,1.00000000,158,1790,,,4.00000000,,
BOM2310-0039,Kit Quincaillerie pour Banquette 140 Standard,5675,,1.00000000,159,2003,,,5.00000000,,
BOM2310-0039,Kit Quincaillerie pour Banquette 140 Standard,5675,,1.00000000,161,5316,,,2.00000000,,
BOM2310-0039,Kit Quincaillerie pour Banquette 140 Standard,5675,,1.00000000,162,5485,,,23.00000000,,
BOM2310-0039,Kit Quincaillerie pour Banquette 140 Standard,5675,,1.00000000,163,5631,,,10.00000000,,
BOM2310-0039,Kit Quincaillerie pour Banquette 140 Standard,5675,,1.00000000,269,6667,,,1.00000000,,
BOM2310-0039,Kit Quincaillerie pour Banquette 140 Standard,5675,,1.00000000,270,5150,,,1.05000000,,
BOM2310-0039,Kit Quincaillerie pour Banquette 140 Standard,5675,,1.00000000,271,5150,,,1.30000000,,
BOM2310-0039,Kit Quincaillerie pour Banquette 140 Standard,5675,,1.00000000,272,6999,,,1.00000000,,
BOM2310-0039,Kit Quincaillerie pour Banquette 140 Standard,5675,,1.00000000,273,7002,,,1.00000000,,
BOM2310-0039,Kit Quincaillerie pour Banquette 140 Standard,5675,,1.00000000,274,5372,,,0.18000000,0,32
BOM2310-0039,Kit Quincaillerie pour Banquette 140 Standard,5675,,1.00000000,411,5554,,,1.00000000,,
BOM2310-0039,Kit Quincaillerie pour Banquette 140 Standard,5675,,1.00000000,413,5553,,,1.00000000,,
BOM2310-0039,Kit Quincaillerie pour Banquette 140 Standard,5675,,1.00000000,459,7890,65,,1.00000000,,28
BOM2310-0040,Kit Quincaillerie pour Banquette 120 Surf,5677,,1.00000000,165,1789,,,4.00000000,,
BOM2310-0040,Kit Quincaillerie pour Banquette 120 Surf,5677,,1.00000000,166,1790,,,4.00000000,,
BOM2310-0040,Kit Quincaillerie pour Banquette 120 Surf,5677,,1.00000000,167,2003,,,5.00000000,,
BOM2310-0040,Kit Quincaillerie pour Banquette 120 Surf,5677,,1.00000000,168,5150,,,0.90000000,,
BOM2310-0040,Kit Quincaillerie pour Banquette 120 Surf,5677,,1.00000000,169,5316,,,2.00000000,,
BOM2310-0040,Kit Quincaillerie pour Banquette 120 Surf,5677,,1.00000000,170,5485,,,23.00000000,,
BOM2310-0040,Kit Quincaillerie pour Banquette 120 Surf,5677,,1.00000000,171,5631,,,10.00000000,,
BOM2310-0040,Kit Quincaillerie pour Banquette 120 Surf,5677,,1.00000000,275,6999,,,1.00000000,,
BOM2310-0040,Kit Quincaillerie pour Banquette 120 Surf,5677,,1.00000000,276,7002,,,1.00000000,,
BOM2310-0040,Kit Quincaillerie pour Banquette 120 Surf,5677,,1.00000000,277,5150,,,1.08000000,,
BOM2310-0040,Kit Quincaillerie pour Banquette 120 Surf,5677,,1.00000000,279,6667,,,1.00000000,,
BOM2310-0040,Kit Quincaillerie pour Banquette 120 Surf,5677,,1.00000000,280,5372,,,0.16600000,,32
BOM2310-0040,Kit Quincaillerie pour Banquette 120 Surf,5677,,1.00000000,414,5554,,,1.00000000,,
BOM2310-0040,Kit Quincaillerie pour Banquette 120 Surf,5677,,1.00000000,415,5553,,,1.00000000,,
BOM2310-0040,Kit Quincaillerie pour Banquette 120 Surf,5677,,1.00000000,460,7888,66,,1.00000000,,28
BOM2310-0041,Kit Quincaillerie pour Banquette 140 Surf,5676,,1.00000000,173,1789,,,4.00000000,,
BOM2310-0041,Kit Quincaillerie pour Banquette 140 Surf,5676,,1.00000000,174,1790,,,4.00000000,,
BOM2310-0041,Kit Quincaillerie pour Banquette 140 Surf,5676,,1.00000000,175,2003,,,5.00000000,,
BOM2310-0041,Kit Quincaillerie pour Banquette 140 Surf,5676,,1.00000000,177,5316,,,2.00000000,,
BOM2310-0041,Kit Quincaillerie pour Banquette 140 Surf,5676,,1.00000000,178,5485,,,23.00000000,,
BOM2310-0041,Kit Quincaillerie pour Banquette 140 Surf,5676,,1.00000000,179,5631,,,10.00000000,,
BOM2310-0041,Kit Quincaillerie pour Banquette 140 Surf,5676,,1.00000000,281,5150,,,1.30000000,,
BOM2310-0041,Kit Quincaillerie pour Banquette 140 Surf,5676,,1.00000000,282,5150,,,1.05000000,,
BOM2310-0041,Kit Quincaillerie pour Banquette 140 Surf,5676,,1.00000000,283,6667,,,1.00000000,,
BOM2310-0041,Kit Quincaillerie pour Banquette 140 Surf,5676,,1.00000000,284,6999,,,1.00000000,,
BOM2310-0041,Kit Quincaillerie pour Banquette 140 Surf,5676,,1.00000000,285,7002,,,1.00000000,,
BOM2310-0041,Kit Quincaillerie pour Banquette 140 Surf,5676,,1.00000000,286,5372,,,0.18000000,0,32
BOM2310-0041,Kit Quincaillerie pour Banquette 140 Surf,5676,,1.00000000,416,5554,,,1.00000000,,
BOM2310-0041,Kit Quincaillerie pour Banquette 140 Surf,5676,,1.00000000,417,5553,,,1.00000000,,
BOM2310-0041,Kit Quincaillerie pour Banquette 140 Surf,5676,,1.00000000,461,7889,67,,1.00000000,,28
BOM2310-0042,Kit Quincaillerie pour Meuble Latéral Gauche L2 - Standard,5656,,1.00000000,181,4972,,,80.00000000,,
BOM2310-0042,Kit Quincaillerie pour Meuble Latéral Gauche L2 - Standard,5656,,1.00000000,182,5132,,,1.00000000,,
BOM2310-0042,Kit Quincaillerie pour Meuble Latéral Gauche L2 - Standard,5656,,1.00000000,183,5182,,,1.00000000,,
BOM2310-0042,Kit Quincaillerie pour Meuble Latéral Gauche L2 - Standard,5656,,1.00000000,184,5222,,,1.00000000,,
BOM2310-0042,Kit Quincaillerie pour Meuble Latéral Gauche L2 - Standard,5656,,1.00000000,185,5640,,,1.00000000,,
BOM2310-0042,Kit Quincaillerie pour Meuble Latéral Gauche L2 - Standard,5656,,1.00000000,186,5648,,,1.00000000,,
BOM2310-0042,Kit Quincaillerie pour Meuble Latéral Gauche L2 - Standard,5656,,1.00000000,187,5649,,,1.00000000,,
BOM2310-0042,Kit Quincaillerie pour Meuble Latéral Gauche L2 - Standard,5656,,1.00000000,188,5650,,,1.00000000,,
BOM2310-0042,Kit Quincaillerie pour Meuble Latéral Gauche L2 - Standard,5656,,1.00000000,189,5657,,,1.00000000,,
BOM2310-0042,Kit Quincaillerie pour Meuble Latéral Gauche L2 - Standard,5656,,1.00000000,595,5372,,,0.07500000,,32
BOM2310-0044,Kit-Qu-1Colonne_Haute_UAV_L1-GEN,5659,,1.00000000,192,1646,,,2.30000000,,
BOM2310-0044,Kit-Qu-1Colonne_Haute_UAV_L1-GEN,5659,,1.00000000,193,1926,,,1.00000000,,
BOM2310-0044,Kit-Qu-1Colonne_Haute_UAV_L1-GEN,5659,,1.00000000,194,2004,,,1.00000000,,28
BOM2310-0044,Kit-Qu-1Colonne_Haute_UAV_L1-GEN,5659,,1.00000000,195,5658,,,1.00000000,,
BOM2310-0044,Kit-Qu-1Colonne_Haute_UAV_L1-GEN,5659,,1.00000000,196,4972,,,17.00000000,,
BOM2501-0048,Kit Quincaillerie pour Banquette en L,7879,,1.00000000,287,1639,,,3.00000000,,
BOM2501-0048,Kit Quincaillerie pour Banquette en L,7879,,1.00000000,288,1649,,,3.00000000,,
BOM2501-0048,Kit Quincaillerie pour Banquette en L,7879,,1.00000000,289,1789,,,5.00000000,,
BOM2501-0048,Kit Quincaillerie pour Banquette en L,7879,,1.00000000,290,1790,,,5.00000000,,
BOM2501-0048,Kit Quincaillerie pour Banquette en L,7879,,1.00000000,291,2003,,,4.00000000,,28
BOM2501-0048,Kit Quincaillerie pour Banquette en L,7879,,1.00000000,292,5315,,,6.00000000,,28
BOM2501-0048,Kit Quincaillerie pour Banquette en L,7879,,1.00000000,293,5631,,,24.00000000,,2
BOM2501-0048,Kit Quincaillerie pour Banquette en L,7879,,1.00000000,294,5150,,,1.31000000,,
BOM2501-0048,Kit Quincaillerie pour Banquette en L,7879,,1.00000000,295,5150,,,1.11000000,,
BOM2501-0048,Kit Quincaillerie pour Banquette en L,7879,,1.00000000,296,5372,,,0.14000000,,32
BOM2501-0048,Kit Quincaillerie pour Banquette en L,7879,,1.00000000,418,5553,,,1.00000000,,
BOM2501-0048,Kit Quincaillerie pour Banquette en L,7879,,1.00000000,419,6207,,,1.00000000,,
BOM2501-0048,Kit Quincaillerie pour Banquette en L,7879,,1.00000000,856,7002,,,1.00000000,0,
BOM2501-0048,Kit Quincaillerie pour Banquette en L,7879,,1.00000000,857,6999,,,1.00000000,0,
BOM2501-0048,Kit Quincaillerie pour Banquette en L,7879,,1.00000000,2447,5485,,,7.00000000,0,
BOM2501-0049,Kit Quincaillerie Banquette UAV et UAVXL,5652,,1.00000000,324,1639,,,3.00000000,,
BOM2501-0049,Kit Quincaillerie Banquette UAV et UAVXL,5652,,1.00000000,325,1649,,,3.00000000,,
BOM2501-0049,Kit Quincaillerie Banquette UAV et UAVXL,5652,,1.00000000,326,1789,,,10.00000000,,
BOM2501-0049,Kit Quincaillerie Banquette UAV et UAVXL,5652,,1.00000000,327,1790,,,10.00000000,,
BOM2501-0049,Kit Quincaillerie Banquette UAV et UAVXL,5652,,1.00000000,328,1998,,,2.00000000,,
BOM2501-0049,Kit Quincaillerie Banquette UAV et UAVXL,5652,,1.00000000,329,2003,,,2.00000000,,
BOM2501-0049,Kit Quincaillerie Banquette UAV et UAVXL,5652,,1.00000000,330,5150,,,0.59000000,,
BOM2501-0049,Kit Quincaillerie Banquette UAV et UAVXL,5652,,1.00000000,331,5150,,,0.49000000,,
BOM2501-0049,Kit Quincaillerie Banquette UAV et UAVXL,5652,,1.00000000,332,5315,,,22.00000000,,
BOM2501-0049,Kit Quincaillerie Banquette UAV et UAVXL,5652,,1.00000000,333,5323,,,9.00000000,,
BOM2501-0049,Kit Quincaillerie Banquette UAV et UAVXL,5652,,1.00000000,334,5631,,,8.00000000,,
BOM2501-0049,Kit Quincaillerie Banquette UAV et UAVXL,5652,,1.00000000,335,5372,,,0.19000000,,32
BOM2501-0049,Kit Quincaillerie Banquette UAV et UAVXL,5652,,1.00000000,420,5553,,,1.00000000,,
BOM2501-0049,Kit Quincaillerie Banquette UAV et UAVXL,5652,,1.00000000,421,6207,,,1.00000000,,
BOM2501-0049,Kit Quincaillerie Banquette UAV et UAVXL,5652,,1.00000000,858,7002,,,1.00000000,0,
BOM2501-0049,Kit Quincaillerie Banquette UAV et UAVXL,5652,,1.00000000,859,6999,,,1.00000000,0,
BOM2501-0050,Kit Quincaillerie pour Banquette Lit Peigne,5654,,1.00000000,336,1789,,,6.00000000,,
BOM2501-0050,Kit Quincaillerie pour Banquette Lit Peigne,5654,,1.00000000,337,1790,,,6.00000000,,
BOM2501-0050,Kit Quincaillerie pour Banquette Lit Peigne,5654,,1.00000000,338,2003,,,8.00000000,,
BOM2501-0050,Kit Quincaillerie pour Banquette Lit Peigne,5654,,1.00000000,339,5150,,,0.87000000,,
BOM2501-0050,Kit Quincaillerie pour Banquette Lit Peigne,5654,,1.00000000,340,5150,,,0.74000000,,
BOM2501-0050,Kit Quincaillerie pour Banquette Lit Peigne,5654,,1.00000000,341,5323,,,22.00000000,,
BOM2501-0050,Kit Quincaillerie pour Banquette Lit Peigne,5654,,1.00000000,342,5631,,,32.00000000,,
BOM2501-0050,Kit Quincaillerie pour Banquette Lit Peigne,5654,,1.00000000,343,5372,,,0.14000000,,32
BOM2501-0050,Kit Quincaillerie pour Banquette Lit Peigne,5654,,1.00000000,366,5315,,,12.00000000,,
BOM2501-0050,Kit Quincaillerie pour Banquette Lit Peigne,5654,,1.00000000,423,5553,,,1.00000000,,
BOM2501-0050,Kit Quincaillerie pour Banquette Lit Peigne,5654,,1.00000000,424,5554,,,1.00000000,,
BOM2501-0050,Kit Quincaillerie pour Banquette Lit Peigne,5654,,1.00000000,860,7002,,,1.00000000,0,
BOM2501-0050,Kit Quincaillerie pour Banquette Lit Peigne,5654,,1.00000000,861,6999,,,1.00000000,0,
BOM2501-0051,Kit Lames Rideau Coulissants ALU 16U,2022,,1.00000000,346,5372,,,0.18000000,,32
BOM2501-0051,Kit Lames Rideau Coulissants ALU 16U,2022,,1.00000000,782,7933,111,,9.00000000,0,28
BOM2501-0051,Kit Lames Rideau Coulissants ALU 16U,2022,,1.00000000,783,7932,112,,1.00000000,0,28
BOM2501-0052,Kit Lames Rideau Coulissants ALU 22U,7874,,1.00000000,349,5372,,,0.25000000,,32
BOM2501-0052,Kit Lames Rideau Coulissants ALU 22U,7874,,1.00000000,784,7933,111,,13.00000000,0,28
BOM2501-0052,Kit Lames Rideau Coulissants ALU 22U,7874,,1.00000000,785,7932,112,,1.00000000,0,28
BOM2501-0053,Kit Lames Rideau Coulissants ALU 36U,7875,,1.00000000,352,5372,,,0.38000000,,32
BOM2501-0053,Kit Lames Rideau Coulissants ALU 36U,7875,,1.00000000,780,7933,111,,22.00000000,0,28
BOM2501-0053,Kit Lames Rideau Coulissants ALU 36U,7875,,1.00000000,781,7932,112,,1.00000000,0,28
BOM2501-0054,Kit Lames Rideau Coulissants Anthracite 36U,7876,,1.00000000,355,5372,,,0.38000000,,32
BOM2501-0054,Kit Lames Rideau Coulissants Anthracite 36U,7876,,1.00000000,631,7900,88,,22.00000000,0,28
BOM2501-0054,Kit Lames Rideau Coulissants Anthracite 36U,7876,,1.00000000,632,7902,89,,1.00000000,0,28
BOM2501-0055,Kit Lames Rideau Coulissants Anthracite 22U,7877,,1.00000000,358,5372,,,0.25000000,,32
BOM2501-0055,Kit Lames Rideau Coulissants Anthracite 22U,7877,,1.00000000,629,7900,88,,13.00000000,0,28
BOM2501-0055,Kit Lames Rideau Coulissants Anthracite 22U,7877,,1.00000000,630,7902,89,,1.00000000,0,28
BOM2501-0056,Kit Lames Rideau Coulissants Anthracite 16U,7878,,1.00000000,361,5372,,,0.18000000,6,32
BOM2501-0056,Kit Lames Rideau Coulissants Anthracite 16U,7878,,1.00000000,625,7900,88,,9.00000000,0,28
BOM2501-0056,Kit Lames Rideau Coulissants Anthracite 16U,7878,,1.00000000,628,7902,89,,1.00000000,0,28
BOM2501-0058,Kit Quincaillerie montage meuble,7885,,1.00000000,435,1721,,,1.00000000,,
BOM2501-0058,Kit Quincaillerie montage meuble,7885,,1.00000000,436,6998,,,1.00000000,,
BOM2501-0058,Kit Quincaillerie montage meuble,7885,,1.00000000,437,5553,,,1.00000000,,
BOM2501-0058,Kit Quincaillerie montage meuble,7885,,1.00000000,438,5372,,,0.03300000,0,32
BOM2501-0064,Kit Quincaillerie pour 1 Colonne Haute SCG,5659,,1.00000000,463,5658,30,,1.00000000,,
BOM2501-0064,Kit Quincaillerie pour 1 Colonne Haute SCG,5659,,1.00000000,464,1926,5,,1.00000000,,
BOM2501-0064,Kit Quincaillerie pour 1 Colonne Haute SCG,5659,,1.00000000,465,1924,9,,1.00000000,,
BOM2501-0064,Kit Quincaillerie pour 1 Colonne Haute SCG,5659,,1.00000000,466,6207,,,1.00000000,,
BOM2501-0064,Kit Quincaillerie pour 1 Colonne Haute SCG,5659,,1.00000000,475,5372,,,0.05000000,,32
BOM2501-0065,Kit Quincaillerie pour 2 Colonnes Hautes SCG,5716,,1.00000000,468,1926,5,,1.00000000,,
BOM2501-0065,Kit Quincaillerie pour 2 Colonnes Hautes SCG,5716,,1.00000000,469,1924,9,,1.00000000,,
BOM2501-0065,Kit Quincaillerie pour 2 Colonnes Hautes SCG,5716,,1.00000000,470,6207,,,1.00000000,,
BOM2501-0065,Kit Quincaillerie pour 2 Colonnes Hautes SCG,5716,,1.00000000,471,5663,31,,1.00000000,,
BOM2501-0065,Kit Quincaillerie pour 2 Colonnes Hautes SCG,5716,,1.00000000,473,5132,27,,1.00000000,,
BOM2501-0065,Kit Quincaillerie pour 2 Colonnes Hautes SCG,5716,,1.00000000,474,5372,,,0.05000000,,32
BOM2501-0066,Kit Quincaillerie pour Meuble Latéral Droit L1,5661,,1.00000000,476,5660,32,,1.00000000,,28
BOM2501-0066,Kit Quincaillerie pour Meuble Latéral Droit L1,5661,,1.00000000,477,1926,5,,2.00000000,,
BOM2501-0066,Kit Quincaillerie pour Meuble Latéral Droit L1,5661,,1.00000000,478,5182,22,,1.00000000,,
BOM2501-0066,Kit Quincaillerie pour Meuble Latéral Droit L1,5661,,1.00000000,479,5372,,,0.05000000,,32
BOM2501-0066,Kit Quincaillerie pour Meuble Latéral Droit L1,5661,,1.00000000,480,6207,,,1.00000000,,
BOM2501-0067,Kit Quincaillerie pour Meuble Latéral Droit L2,5666,,1.00000000,481,5660,32,,1.00000000,,28
BOM2501-0067,Kit Quincaillerie pour Meuble Latéral Droit L2,5666,,1.00000000,482,1926,5,,2.00000000,,
BOM2501-0067,Kit Quincaillerie pour Meuble Latéral Droit L2,5666,,1.00000000,483,5182,22,,1.00000000,,
BOM2501-0067,Kit Quincaillerie pour Meuble Latéral Droit L2,5666,,1.00000000,484,5372,,,0.05000000,,32
BOM2501-0067,Kit Quincaillerie pour Meuble Latéral Droit L2,5666,,1.00000000,485,6207,,,1.00000000,,
BOM2501-0067,Kit Quincaillerie pour Meuble Latéral Droit L2,5666,,1.00000000,486,1924,9,,1.00000000,,
BOM2501-0067,Kit Quincaillerie pour Meuble Latéral Droit L2,5666,,1.00000000,487,2015,18,,1.00000000,,
BOM2501-0068,Kit Quincaillerie pour Meuble Latéral Gauche L1 pour K0,5709,,1.00000000,491,5372,,,0.07500000,,32
BOM2501-0068,Kit Quincaillerie pour Meuble Latéral Gauche L1 pour K0,5709,,1.00000000,494,6207,,,1.00000000,,
BOM2501-0068,Kit Quincaillerie pour Meuble Latéral Gauche L1 pour K0,5709,,1.00000000,495,5648,7,,1.00000000,,
BOM2501-0068,Kit Quincaillerie pour Meuble Latéral Gauche L1 pour K0,5709,,1.00000000,496,5640,17,,1.00000000,,
BOM2501-0068,Kit Quincaillerie pour Meuble Latéral Gauche L1 pour K0,5709,,1.00000000,498,5650,24,,1.00000000,,
BOM2501-0068,Kit Quincaillerie pour Meuble Latéral Gauche L1 pour K0,5709,,1.00000000,499,5657,19,,1.00000000,,
BOM2501-0068,Kit Quincaillerie pour Meuble Latéral Gauche L1 pour K0,5709,,1.00000000,500,5182,22,,1.00000000,,
BOM2501-0068,Kit Quincaillerie pour Meuble Latéral Gauche L1 pour K0,5709,,1.00000000,502,5651,15,,1.00000000,,28
BOM2501-0068,Kit Quincaillerie pour Meuble Latéral Gauche L1 pour K0,5709,,1.00000000,512,5222,23,,1.00000000,,
BOM2501-0069,Kit Quincaillerie pour Meuble Latéral Gauche L1 - Standard,5639,,1.00000000,513,5648,7,,1.00000000,,
BOM2501-0069,Kit Quincaillerie pour Meuble Latéral Gauche L1 - Standard,5639,,1.00000000,514,5372,,,0.07500000,,32
BOM2501-0069,Kit Quincaillerie pour Meuble Latéral Gauche L1 - Standard,5639,,1.00000000,516,5640,17,,1.00000000,,
BOM2501-0069,Kit Quincaillerie pour Meuble Latéral Gauche L1 - Standard,5639,,1.00000000,517,5657,19,,1.00000000,,
BOM2501-0069,Kit Quincaillerie pour Meuble Latéral Gauche L1 - Standard,5639,,1.00000000,518,5182,22,,1.00000000,,
BOM2501-0069,Kit Quincaillerie pour Meuble Latéral Gauche L1 - Standard,5639,,1.00000000,519,5222,23,,1.00000000,,
BOM2501-0069,Kit Quincaillerie pour Meuble Latéral Gauche L1 - Standard,5639,,1.00000000,520,5650,24,,1.00000000,,
BOM2501-0069,Kit Quincaillerie pour Meuble Latéral Gauche L1 - Standard,5639,,1.00000000,521,6207,,,1.00000000,,
BOM2501-0069,Kit Quincaillerie pour Meuble Latéral Gauche L1 - Standard,5639,,1.00000000,522,5649,16,,1.00000000,,
BOM2501-0070,Kit Quincaillerie pour Meuble Latéral Gauche L2 - Standard,5656,,1.00000000,523,5648,7,,1.00000000,,
BOM2501-0070,Kit Quincaillerie pour Meuble Latéral Gauche L2 - Standard,5656,,1.00000000,524,5372,,,0.07500000,,32
BOM2501-0070,Kit Quincaillerie pour Meuble Latéral Gauche L2 - Standard,5656,,1.00000000,525,5649,16,,1.00000000,,
BOM2501-0070,Kit Quincaillerie pour Meuble Latéral Gauche L2 - Standard,5656,,1.00000000,526,5640,17,,1.00000000,,
BOM2501-0070,Kit Quincaillerie pour Meuble Latéral Gauche L2 - Standard,5656,,1.00000000,527,5657,19,,1.00000000,,
BOM2501-0070,Kit Quincaillerie pour Meuble Latéral Gauche L2 - Standard,5656,,1.00000000,528,5182,22,,1.00000000,,
BOM2501-0070,Kit Quincaillerie pour Meuble Latéral Gauche L2 - Standard,5656,,1.00000000,529,5222,23,,1.00000000,,
BOM2501-0070,Kit Quincaillerie pour Meuble Latéral Gauche L2 - Standard,5656,,1.00000000,530,5650,24,,1.00000000,,
BOM2501-0070,Kit Quincaillerie pour Meuble Latéral Gauche L2 - Standard,5656,,1.00000000,531,6207,,,1.00000000,,
BOM2501-0070,Kit Quincaillerie pour Meuble Latéral Gauche L2 - Standard,5656,,1.00000000,532,5132,27,,1.00000000,,
BOM2501-0071,Kit Quincaillerie pour Meuble Latéral Gauche L2 pour K0,5711,,1.00000000,533,5648,7,,1.00000000,,
BOM2501-0071,Kit Quincaillerie pour Meuble Latéral Gauche L2 pour K0,5711,,1.00000000,534,5372,,,0.07500000,,32
BOM2501-0071,Kit Quincaillerie pour Meuble Latéral Gauche L2 pour K0,5711,,1.00000000,536,5640,17,,1.00000000,,
BOM2501-0071,Kit Quincaillerie pour Meuble Latéral Gauche L2 pour K0,5711,,1.00000000,537,5657,19,,1.00000000,,
BOM2501-0071,Kit Quincaillerie pour Meuble Latéral Gauche L2 pour K0,5711,,1.00000000,538,5182,22,,1.00000000,,
BOM2501-0071,Kit Quincaillerie pour Meuble Latéral Gauche L2 pour K0,5711,,1.00000000,539,5222,23,,1.00000000,,
BOM2501-0071,Kit Quincaillerie pour Meuble Latéral Gauche L2 pour K0,5711,,1.00000000,540,5650,24,,1.00000000,,
BOM2501-0071,Kit Quincaillerie pour Meuble Latéral Gauche L2 pour K0,5711,,1.00000000,541,5132,27,,1.00000000,,
BOM2501-0071,Kit Quincaillerie pour Meuble Latéral Gauche L2 pour K0,5711,,1.00000000,542,6207,,,1.00000000,,
BOM2501-0071,Kit Quincaillerie pour Meuble Latéral Gauche L2 pour K0,5711,,1.00000000,543,5651,15,,1.00000000,,28
BOM2501-0072,Kit Quincaillerie Meuble Transversal - 2 Colonnes,7891,,1.00000000,545,1926,5,,1.00000000,,
BOM2501-0072,Kit Quincaillerie Meuble Transversal - 2 Colonnes,7891,,1.00000000,548,6207,,,1.00000000,,
BOM2501-0072,Kit Quincaillerie Meuble Transversal - 2 Colonnes,7891,,1.00000000,549,5372,,,0.05000000,,32
BOM2501-0072,Kit Quincaillerie Meuble Transversal - 2 Colonnes,7891,,1.00000000,550,5651,15,,1.00000000,,28
BOM2501-0072,Kit Quincaillerie Meuble Transversal - 2 Colonnes,7891,,1.00000000,551,5182,22,,1.00000000,,
BOM2501-0072,Kit Quincaillerie Meuble Transversal - 2 Colonnes,7891,,1.00000000,552,5222,23,,1.00000000,,
BOM2501-0072,Kit Quincaillerie Meuble Transversal - 2 Colonnes,7891,,1.00000000,553,5683,25,,1.00000000,,
BOM2501-0073,Kit Quincaillerie Meuble Transversal - 3 Colonnes,5685,,1.00000000,554,1926,5,,1.00000000,,
BOM2501-0073,Kit Quincaillerie Meuble Transversal - 3 Colonnes,5685,,1.00000000,556,5372,,,0.05000000,,32
BOM2501-0073,Kit Quincaillerie Meuble Transversal - 3 Colonnes,5685,,1.00000000,557,5182,22,,1.00000000,,
BOM2501-0073,Kit Quincaillerie Meuble Transversal - 3 Colonnes,5685,,1.00000000,558,5222,23,,1.00000000,,
BOM2501-0073,Kit Quincaillerie Meuble Transversal - 3 Colonnes,5685,,1.00000000,559,5683,25,,1.00000000,,
BOM2501-0073,Kit Quincaillerie Meuble Transversal - 3 Colonnes,5685,,1.00000000,560,6207,,,1.00000000,,
BOM2501-0073,Kit Quincaillerie Meuble Transversal - 3 Colonnes,5685,,1.00000000,561,5649,16,,1.00000000,,
BOM2501-0073,Kit Quincaillerie Meuble Transversal - 3 Colonnes,5685,,1.00000000,562,2015,18,,1.00000000,,
BOM2501-0080,Kit Coté Droit de Tiroir 270 3U,7898,,1.00000000,596,1949,,,1.00000000,,
BOM2501-0080,Kit Coté Droit de Tiroir 270 3U,7898,,1.00000000,597,4972,,,2.00000000,,
BOM2501-0080,Kit Coté Droit de Tiroir 270 3U,7898,,1.00000000,598,5229,,,0.05000000,4,32
BOM2502-0088,Kit 3 Coulissants Aluminium,7909,,1.00000000,672,5657,19,,1.00000000,0,
BOM2502-0088,Kit 3 Coulissants Aluminium,7909,,1.00000000,673,2022,54,,1.00000000,0,
BOM2502-0088,Kit 3 Coulissants Aluminium,7909,,1.00000000,674,7874,55,,2.00000000,0,
BOM2502-0088,Kit 3 Coulissants Aluminium,7909,,1.00000000,675,7881,,,0.05000000,5,32
BOM2502-0089,Kit 3 Coulissants Anthracite,7910,,1.00000000,676,5657,19,,1.00000000,0,
BOM2502-0089,Kit 3 Coulissants Anthracite,7910,,1.00000000,679,7881,,,0.05000000,5,32
BOM2502-0089,Kit 3 Coulissants Anthracite,7910,,1.00000000,680,7878,59,,1.00000000,0,
BOM2502-0089,Kit 3 Coulissants Anthracite,7910,,1.00000000,681,7877,58,,2.00000000,0,
BOM2501-0091,Kit Coté Droit de Tiroir 270 6U,7913,,1.00000000,727,4972,,,2.00000000,,
BOM2501-0091,Kit Coté Droit de Tiroir 270 6U,7913,,1.00000000,728,5229,,,0.07000000,4,32
BOM2501-0091,Kit Coté Droit de Tiroir 270 6U,7913,,1.00000000,805,1647,,,0.04600000,0,13
BOM2501-0091,Kit Coté Droit de Tiroir 270 6U,7913,,1.00000000,806,5371,,,0.02000000,1,32
BOM2501-0092,Kit Coté Gauche de Tiroir 270 6U,7912,,1.00000000,731,4972,,,2.00000000,,
BOM2501-0092,Kit Coté Gauche de Tiroir 270 6U,7912,,1.00000000,732,5229,,,0.07000000,4,32
BOM2501-0092,Kit Coté Gauche de Tiroir 270 6U,7912,,1.00000000,807,5371,,,0.02000000,1,32
BOM2501-0092,Kit Coté Gauche de Tiroir 270 6U,7912,,1.00000000,808,1647,,,0.04600000,0,13
BOM2501-0093,Kit Coté Gauche de Tiroir 270 3U,7911,,1.00000000,734,5229,,,0.07000000,4,32
BOM2501-0093,Kit Coté Gauche de Tiroir 270 3U,7911,,1.00000000,736,4972,,,2.00000000,,
BOM2501-0093,Kit Coté Gauche de Tiroir 270 3U,7911,,1.00000000,1340,1946,,,1.00000000,0,28
BOM2501-0094,Kit Coté Droit de Tiroir 300 3U,7914,,1.00000000,738,5229,,,0.07000000,4,32
BOM2501-0094,Kit Coté Droit de Tiroir 300 3U,7914,,1.00000000,740,4972,,,2.00000000,,
BOM2501-0094,Kit Coté Droit de Tiroir 300 3U,7914,,1.00000000,812,5371,,,0.01400000,1,32
BOM2501-0094,Kit Coté Droit de Tiroir 300 3U,7914,,1.00000000,1341,1955,,,1.00000000,0,28
BOM2501-0095,Kit Coté Gauche de Tiroir 300 6U,7915,,1.00000000,742,5229,,,0.07000000,4,32
BOM2501-0095,Kit Coté Gauche de Tiroir 300 6U,7915,,1.00000000,744,4972,,,2.00000000,,
BOM2501-0095,Kit Coté Gauche de Tiroir 300 6U,7915,,1.00000000,813,1647,,,0.04600000,0,13
BOM2501-0095,Kit Coté Gauche de Tiroir 300 6U,7915,,1.00000000,814,5371,,,0.01600000,1,32
BOM2501-0096,Kit Coté Gauche de Tiroir 300 3U,7916,,1.00000000,746,5229,,,0.07000000,4,32
BOM2501-0096,Kit Coté Gauche de Tiroir 300 3U,7916,,1.00000000,748,4972,,,2.00000000,,
BOM2501-0096,Kit Coté Gauche de Tiroir 300 3U,7916,,1.00000000,815,1647,,,0.02600000,0,13
BOM2501-0096,Kit Coté Gauche de Tiroir 300 3U,7916,,1.00000000,816,5371,,,0.01500000,1,32
BOM2501-0097,Kit Coté Droit de Tiroir 300 6U,7917,,1.00000000,750,5229,,,0.07000000,4,32
BOM2501-0097,Kit Coté Droit de Tiroir 300 6U,7917,,1.00000000,752,4972,,,2.00000000,,
BOM2501-0097,Kit Coté Droit de Tiroir 300 6U,7917,,1.00000000,817,1647,,,0.04600000,0,13
BOM2501-0097,Kit Coté Droit de Tiroir 300 6U,7917,,1.00000000,818,5371,,,0.01600000,1,32
BOM2501-0098,Kit Coté Droit de Tiroir 350 3U,7918,,1.00000000,754,5229,,,0.07000000,4,32
BOM2501-0098,Kit Coté Droit de Tiroir 350 3U,7918,,1.00000000,756,4972,,,2.00000000,,
BOM2501-0098,Kit Coté Droit de Tiroir 350 3U,7918,,1.00000000,819,1647,,,0.03200000,0,13
BOM2501-0098,Kit Coté Droit de Tiroir 350 3U,7918,,1.00000000,820,5371,,,0.01800000,1,32
BOM2501-0099,Kit Coté Gauche de Tiroir 350 3U,7919,,1.00000000,758,5229,,,0.07000000,4,32
BOM2501-0099,Kit Coté Gauche de Tiroir 350 3U,7919,,1.00000000,760,4972,,,2.00000000,,
BOM2501-0099,Kit Coté Gauche de Tiroir 350 3U,7919,,1.00000000,821,1647,,,0.03200000,0,13
BOM2501-0099,Kit Coté Gauche de Tiroir 350 3U,7919,,1.00000000,822,5371,,,0.01800000,1,32
BOM2501-0100,Kit Coté Gauche de Tiroir 350 6U,7920,,1.00000000,762,5229,,,0.07000000,4,32
BOM2501-0100,Kit Coté Gauche de Tiroir 350 6U,7920,,1.00000000,764,4972,,,2.00000000,,
BOM2501-0100,Kit Coté Gauche de Tiroir 350 6U,7920,,1.00000000,823,1647,,,0.05800000,0,13
BOM2501-0100,Kit Coté Gauche de Tiroir 350 6U,7920,,1.00000000,824,5371,,,0.01700000,1,32
BOM2501-0101,Kit Coté Droit de Tiroir 350 6U,7921,,1.00000000,766,5229,,,0.07000000,4,32
BOM2501-0101,Kit Coté Droit de Tiroir 350 6U,7921,,1.00000000,768,4972,,,2.00000000,,
BOM2501-0101,Kit Coté Droit de Tiroir 350 6U,7921,,1.00000000,825,1647,,,0.05800000,0,13
BOM2501-0101,Kit Coté Droit de Tiroir 350 6U,7921,,1.00000000,826,5371,,,0.01700000,1,32
BOM2501-0139,Kit Meuble Transversal - 2 Colonnes SPE 0721,7941,,1.00000000,1492,7942,,,4.00000000,0,13
BOM2501-0139,Kit Meuble Transversal - 2 Colonnes SPE 0721,7941,,1.00000000,1493,5646,,,4.00000000,7,32
BOM2501-0139,Kit Meuble Transversal - 2 Colonnes SPE 0721,7941,,1.00000000,1495,5371,,,2.00000000,1,32
BOM2501-0139,Kit Meuble Transversal - 2 Colonnes SPE 0721,7941,,1.00000000,1496,4972,,,36.00000000,0,28
BOM2501-0139,Kit Meuble Transversal - 2 Colonnes SPE 0721,7941,,1.00000000,1498,5229,,,1.50000000,4,32
BOM2501-0139,Kit Meuble Transversal - 2 Colonnes SPE 0721,7941,,1.00000000,1499,5555,,,1.00000000,0,
BOM2501-0139,Kit Meuble Transversal - 2 Colonnes SPE 0721,7941,,1.00000000,1500,7899,,,0.25000000,3,32
BOM2501-0139,Kit Meuble Transversal - 2 Colonnes SPE 0721,7941,,1.00000000,1501,5182,22,,1.00000000,,
BOM2501-0139,Kit Meuble Transversal - 2 Colonnes SPE 0721,7941,,1.00000000,1502,7881,,,1.00000000,5,32
BOM2501-0139,Kit Meuble Transversal - 2 Colonnes SPE 0721,7941,,1.00000000,1503,6207,,,1.00000000,,
BOM2501-0139,Kit Meuble Transversal - 2 Colonnes SPE 0721,7941,,1.00000000,1506,1943,,,2.00000000,0,
BOM2501-0139,Kit Meuble Transversal - 2 Colonnes SPE 0721,7941,,1.00000000,1507,1941,,,2.00000000,0,
BOM2501-0139,Kit Meuble Transversal - 2 Colonnes SPE 0721,7941,,1.00000000,1508,1991,,,2.00000000,0,
BOM2501-0139,Kit Meuble Transversal - 2 Colonnes SPE 0721,7941,,1.00000000,1510,1926,5,,1.00000000,,
BOM2501-0139,Kit Meuble Transversal - 2 Colonnes SPE 0721,7941,,1.00000000,1669,7916,103,,2.00000000,0,28
BOM2501-0139,Kit Meuble Transversal - 2 Colonnes SPE 0721,7941,,1.00000000,1670,7914,101,,2.00000000,0,28
BOM2501-0139,Kit Meuble Transversal - 2 Colonnes SPE 0721,7941,,1.00000000,1671,1646,,,0.25000000,0,13
BOM2501-0139,Kit Meuble Transversal - 2 Colonnes SPE 0721,7941,,1.00000000,1672,7903,90,,1.00000000,0,28
BOM2501-0139,Kit Meuble Transversal - 2 Colonnes SPE 0721,7941,,1.00000000,1675,7904,92,,1.00000000,0,28
BOM2501-0139,Kit Meuble Transversal - 2 Colonnes SPE 0721,7941,,1.00000000,1871,1647,,,1.00000000,0,13
BOM2501-0139,Kit Meuble Transversal - 2 Colonnes SPE 0721,7941,,1.00000000,1883,7944,159,,1.00000000,0,28
BOM2503-0141,Kit de fixation pour meuble transversal,5683,,1.00000000,1557,5315,,,14.00000000,0,
BOM2503-0141,Kit de fixation pour meuble transversal,5683,,1.00000000,1558,7018,,,0.04000000,6,32
BOM2503-0141,Kit de fixation pour meuble transversal,5683,,1.00000000,1559,5553,,,1.00000000,0,
BOM2501-0159,Kit lames rideau coulissants ALU 20U,7952,,1.00000000,1902,5372,,,0.25000000,,32
BOM2501-0159,Kit lames rideau coulissants ALU 20U,7952,,1.00000000,1903,7933,111,,12.00000000,0,28
BOM2501-0159,Kit lames rideau coulissants ALU 20U,7952,,1.00000000,1904,7932,112,,1.00000000,0,28
BOM2501-0160,Kit Lames Rideau Coulissants Anthracite 20U,7953,,1.00000000,1905,5372,,,0.25000000,,32
BOM2501-0160,Kit Lames Rideau Coulissants Anthracite 20U,7953,,1.00000000,1906,7900,88,,12.00000000,0,28
BOM2501-0160,Kit Lames Rideau Coulissants Anthracite 20U,7953,,1.00000000,1907,7902,89,,1.00000000,0,28
BOM2504-0183,Kit Placage Plafond Brut Universel,7981,,1.00000000,2498,1887,,,4.50000000,0,
BOM2504-0183,Kit Placage Plafond Brut Universel,7981,,1.00000000,2499,5229,,,0.17000000,12,32
BOM2504-0183,Kit Placage Plafond Brut Universel,7981,,1.00000000,2500,5371,,,0.33000000,1,32
BOM2504-0183,Kit Placage Plafond Brut Universel,7981,,1.00000000,2501,5229,,,0.08000000,4,32
BOM2504-0183,Kit Placage Plafond Brut Universel,7981,,1.00000000,2502,7881,,,0.50000000,5,32
BOM2504-0183,Kit Placage Plafond Brut Universel,7981,,1.00000000,2503,5374,,,9.00000000,0,
BOM2504-0186,Kit PLA-XX-201-202 Porte ARB,7984,,1.00000000,2517,1887,,,0.80000000,0,13
BOM2504-0186,Kit PLA-XX-201-202 Porte ARB,7984,,1.00000000,2518,5374,,,10.00000000,0,28
BOM2504-0186,Kit PLA-XX-201-202 Porte ARB,7984,,1.00000000,2528,5371,,,0.17000000,1,32
BOM2504-0186,Kit PLA-XX-201-202 Porte ARB,7984,,1.00000000,2529,5229,,,0.08000000,12,32
BOM2504-0186,Kit PLA-XX-201-202 Porte ARB,7984,,1.00000000,2530,5229,,,0.08000000,4,32
BOM2504-0187,Kit PLA-XX-203-204 Porte AR H,7986,,1.00000000,2519,1887,,,0.88000000,0,13
BOM2504-0187,Kit PLA-XX-203-204 Porte AR H,7986,,1.00000000,2525,5371,,,0.17000000,1,32
BOM2504-0187,Kit PLA-XX-203-204 Porte AR H,7986,,1.00000000,2526,5229,,,0.08000000,12,32
BOM2504-0187,Kit PLA-XX-203-204 Porte AR H,7986,,1.00000000,2527,5229,,,0.08000000,4,32
BOM2504-0188,Kit PLA-XB-301 ARG L2,7989,,1.00000000,2520,1887,,,2.40000000,0,13
BOM2504-0188,Kit PLA-XB-301 ARG L2,7989,,1.00000000,2521,5374,,,10.00000000,0,28
BOM2504-0188,Kit PLA-XB-301 ARG L2,7989,,1.00000000,2522,5371,,,0.17000000,1,32
BOM2504-0188,Kit PLA-XB-301 ARG L2,7989,,1.00000000,2523,5229,,,0.08000000,12,32
BOM2504-0188,Kit PLA-XB-301 ARG L2,7989,,1.00000000,2524,5229,,,0.08000000,4,32
BOM2504-0189,Kit PLA-XX-302 AVG Bas (Fenêtre),7990,,1.00000000,2531,1887,,,0.80000000,0,13
BOM2504-0189,Kit PLA-XX-302 AVG Bas (Fenêtre),7990,,1.00000000,2532,5229,,,0.08000000,12,32
BOM2504-0189,Kit PLA-XX-302 AVG Bas (Fenêtre),7990,,1.00000000,2533,5374,,,7.00000000,0,28
BOM2504-0189,Kit PLA-XX-302 AVG Bas (Fenêtre),7990,,1.00000000,2534,5371,,,0.17000000,1,32
BOM2504-0189,Kit PLA-XX-302 AVG Bas (Fenêtre),7990,,1.00000000,2535,5229,,,0.08000000,4,32
BOM2504-0190,Kit PLA-XX-304 AVG (Intégral),7991,,1.00000000,2536,1887,,,1.82000000,0,13
BOM2504-0190,Kit PLA-XX-304 AVG (Intégral),7991,,1.00000000,2537,5229,,,0.08000000,12,32
BOM2504-0190,Kit PLA-XX-304 AVG (Intégral),7991,,1.00000000,2538,5374,,,10.00000000,0,28
BOM2504-0190,Kit PLA-XX-304 AVG (Intégral),7991,,1.00000000,2539,5371,,,0.17000000,1,32
BOM2504-0190,Kit PLA-XX-304 AVG (Intégral),7991,,1.00000000,2540,5229,,,0.08000000,4,32
BOM2504-0191,Kit PLA-XX-211 - Placage Hayon AR BAS,7987,,1.00000000,2541,1887,,,0.98000000,0,13
BOM2504-0191,Kit PLA-XX-211 - Placage Hayon AR BAS,7987,,1.00000000,2542,5229,,,0.08000000,12,32
BOM2504-0191,Kit PLA-XX-211 - Placage Hayon AR BAS,7987,,1.00000000,2543,5374,,,6.00000000,0,28
BOM2504-0191,Kit PLA-XX-211 - Placage Hayon AR BAS,7987,,1.00000000,2544,5371,,,0.17000000,1,32
BOM2504-0191,Kit PLA-XX-211 - Placage Hayon AR BAS,7987,,1.00000000,2545,5229,,,0.08000000,4,32
BOM2504-0192,Kit PLA-XX-212 - Placage Hayon AR Haut,7988,,1.00000000,2546,1887,,,0.98000000,0,13
BOM2504-0192,Kit PLA-XX-212 - Placage Hayon AR Haut,7988,,1.00000000,2547,5229,,,0.08000000,12,32
BOM2504-0192,Kit PLA-XX-212 - Placage Hayon AR Haut,7988,,1.00000000,2549,5371,,,0.17000000,1,32
BOM2504-0192,Kit PLA-XX-212 - Placage Hayon AR Haut,7988,,1.00000000,2550,5229,,,0.08000000,4,32
BOM2504-0193,Kit PLA-XB-401 ARD L2,7992,,1.00000000,2551,1887,,,2.40000000,0,13
BOM2504-0193,Kit PLA-XB-401 ARD L2,7992,,1.00000000,2552,5229,,,0.08000000,12,32
BOM2504-0193,Kit PLA-XB-401 ARD L2,7992,,1.00000000,2553,5374,,,10.00000000,0,28
BOM2504-0193,Kit PLA-XB-401 ARD L2,7992,,1.00000000,2554,5371,,,0.17000000,1,32
BOM2504-0193,Kit PLA-XB-401 ARD L2,7992,,1.00000000,2555,5229,,,0.08000000,4,32
BOM2504-0194,Kit PLA-XX-502 Placage Porte LAT D Bas,7993,,1.00000000,2556,1887,,,0.80000000,0,13
BOM2504-0194,Kit PLA-XX-502 Placage Porte LAT D Bas,7993,,1.00000000,2557,5229,,,0.08000000,12,32
BOM2504-0194,Kit PLA-XX-502 Placage Porte LAT D Bas,7993,,1.00000000,2558,5374,,,6.00000000,0,28
BOM2504-0194,Kit PLA-XX-502 Placage Porte LAT D Bas,7993,,1.00000000,2559,5371,,,0.17000000,1,32
BOM2504-0194,Kit PLA-XX-502 Placage Porte LAT D Bas,7993,,1.00000000,2560,5229,,,0.08000000,4,32
BOM2504-0195,Kit PLA-XX-503 Placage Porte LAT D Haut,7994,,1.00000000,2561,1887,,,0.70000000,0,13
BOM2504-0195,Kit PLA-XX-503 Placage Porte LAT D Haut,7994,,1.00000000,2562,5229,,,0.08000000,12,32
BOM2504-0195,Kit PLA-XX-503 Placage Porte LAT D Haut,7994,,1.00000000,2564,5371,,,0.17000000,1,32
BOM2504-0195,Kit PLA-XX-503 Placage Porte LAT D Haut,7994,,1.00000000,2565,5229,,,0.08000000,4,32
BOM2504-0196,Kit PLA-XX-703 Placage Porte LAT G Haut,7995,,1.00000000,2566,1887,,,0.70000000,0,13
BOM2504-0196,Kit PLA-XX-703 Placage Porte LAT G Haut,7995,,1.00000000,2567,5229,,,0.08000000,12,32
BOM2504-0196,Kit PLA-XX-703 Placage Porte LAT G Haut,7995,,1.00000000,2568,5371,,,0.17000000,1,32
BOM2504-0196,Kit PLA-XX-703 Placage Porte LAT G Haut,7995,,1.00000000,2569,5229,,,0.08000000,4,32
BOM2504-0197,Kit PLA-XX-702 Placage Porte LAT G Bas,7996,,1.00000000,2570,1887,,,0.80000000,0,13
BOM2504-0197,Kit PLA-XX-702 Placage Porte LAT G Bas,7996,,1.00000000,2571,5229,,,0.08000000,12,32
BOM2504-0197,Kit PLA-XX-702 Placage Porte LAT G Bas,7996,,1.00000000,2572,5374,,,6.00000000,0,28
BOM2504-0197,Kit PLA-XX-702 Placage Porte LAT G Bas,7996,,1.00000000,2573,5371,,,0.17000000,1,32
BOM2504-0197,Kit PLA-XX-702 Placage Porte LAT G Bas,7996,,1.00000000,2574,5229,,,0.08000000,4,32
BOM2504-0198,Kit PLA-XX-601-602 Plaquage Montant,7997,,1.00000000,2575,1887,,,0.40000000,0,13
BOM2504-0198,Kit PLA-XX-601-602 Plaquage Montant,7997,,1.00000000,2576,5229,,,0.08000000,12,32
BOM2504-0198,Kit PLA-XX-601-602 Plaquage Montant,7997,,1.00000000,2577,5374,,,8.00000000,0,28
BOM2504-0198,Kit PLA-XX-601-602 Plaquage Montant,7997,,1.00000000,2578,5371,,,0.17000000,1,32
BOM2504-0198,Kit PLA-XX-601-602 Plaquage Montant,7997,,1.00000000,2579,5229,,,0.08000000,4,32
BOM2504-0199,Kit PLA-XA-401 ARD L1,7998,,1.00000000,2580,1887,,,1.70000000,0,13
BOM2504-0199,Kit PLA-XA-401 ARD L1,7998,,1.00000000,2581,5229,,,0.08000000,12,32
BOM2504-0199,Kit PLA-XA-401 ARD L1,7998,,1.00000000,2582,5374,,,10.00000000,0,28
BOM2504-0199,Kit PLA-XA-401 ARD L1,7998,,1.00000000,2583,5371,,,0.17000000,1,32
BOM2504-0199,Kit PLA-XA-401 ARD L1,7998,,1.00000000,2584,5229,,,0.08000000,4,32
BOM2504-0200,Kit PLA-XA-301 ARG L1,7999,,1.00000000,2585,1887,,,1.70000000,0,13
BOM2504-0200,Kit PLA-XA-301 ARG L1,7999,,1.00000000,2586,5229,,,0.08000000,12,32
BOM2504-0200,Kit PLA-XA-301 ARG L1,7999,,1.00000000,2587,5374,,,10.00000000,0,28
BOM2504-0200,Kit PLA-XA-301 ARG L1,7999,,1.00000000,2588,5371,,,0.17000000,1,32
BOM2504-0200,Kit PLA-XA-301 ARG L1,7999,,1.00000000,2589,5229,,,0.08000000,4,32
BOM2504-0201,Kit PLA-XX-702 Placage Porte LAT G Bas,7996,,1.00000000,2610,1887,,,0.80000000,0,13
BOM2504-0201,Kit PLA-XX-702 Placage Porte LAT G Bas,7996,,1.00000000,2611,5229,,,0.08000000,12,32
BOM2504-0201,Kit PLA-XX-702 Placage Porte LAT G Bas,7996,,1.00000000,2612,5374,,,6.00000000,0,28
BOM2504-0201,Kit PLA-XX-702 Placage Porte LAT G Bas,7996,,1.00000000,2613,5371,,,0.17000000,1,32
BOM2504-0201,Kit PLA-XX-702 Placage Porte LAT G Bas,7996,,1.00000000,2614,5229,,,0.08000000,4,32